{"scaler_mean": [1.6762223381725545, 2.5338387403701543, 1.2181946533255579, 0.17632976274515821, 66074.84846996715, 27.71925355268408, 4.789686296787226, 9589.371105859243, 11.011694892245037, 1.0305085786194408, 0.1702034928332464], "scaler_scale": [1.4330936422996199, 1.731155185935687, 1.1663179419882768, 0.3811004821768065, 61982.16794513363, 6.2064949733898045, 4.08527044685116, 6321.989623982661, 3.0815572544412166, 2.806518096929429, 0.10678011762027274]}