Fold,Accuracy,Precision (Approved),Recall (Approved),F1-Score (Approved),Support (Approved)
1,0.8603651987110634,0.666883963494133,0.7194092827004219,0.6921515561569689,1422.0
2,0.8655616942909761,0.6810344827586207,0.7222222222222222,0.701023890784983,1422.0
3,0.8623388581952118,0.6714565643370346,0.7229254571026723,0.696241110734846,1422.0
4,0.8724677716390423,0.6987870619946092,0.7297677691766362,0.7139414802065405,1421.0
5,0.8640270104358502,0.6735885788449059,0.7304714989444053,0.700877785280216,1421.0
