{
    "accuracy": 0.9156182878183492,
    "classification_report": {
        "0.0": {
            "precision": 0.9242254572601717,
            "recall": 0.9717425431711146,
            "f1-score": 0.9473885594030993,
            "support": 2548.0
        },
        "1.0": {
            "precision": 0.8758620689655172,
            "recall": 0.7144866385372715,
            "f1-score": 0.7869868319132456,
            "support": 711.0
        },
        "accuracy": 0.9156182878183492,
        "macro avg": {
            "precision": 0.9000437631128444,
            "recall": 0.843114590854193,
            "f1-score": 0.8671876956581724,
            "support": 3259.0
        },
        "weighted avg": {
            "precision": 0.9136742547202824,
            "recall": 0.9156182878183492,
            "f1-score": 0.9123945034824836,
            "support": 3259.0
        }
    }
}