{
    "accuracy": 0.9193003988953666,
    "classification_report": {
        "0.0": {
            "precision": 0.9205005520794994,
            "recall": 0.9815541601255887,
            "f1-score": 0.9500474833808167,
            "support": 2548.0
        },
        "1.0": {
            "precision": 0.9132841328413284,
            "recall": 0.6962025316455697,
            "f1-score": 0.7901037509976058,
            "support": 711.0
        },
        "accuracy": 0.9193003988953666,
        "macro avg": {
            "precision": 0.9168923424604138,
            "recall": 0.8388783458855792,
            "f1-score": 0.8700756171892112,
            "support": 3259.0
        },
        "weighted avg": {
            "precision": 0.9189261813896131,
            "recall": 0.9193003988953666,
            "f1-score": 0.9151533459998831,
            "support": 3259.0
        }
    }
}